{
  "coordinate_space": "raw AnySplat/checkpoint coordinates",
  "source_image_count": 12,
  "test_every": 6,
  "train": [
    {
      "split": "train",
      "local_index": 0,
      "source_index": 1,
      "image_name": "frame_02.jpg",
      "K": [
        [
          407.599853515625,
          0.0,
          224.0
        ],
        [
          0.0,
          465.683837890625,
          224.0
        ],
        [
          0.0,
          0.0,
          1.0
        ]
      ],
      "camtoworld_initial": [
        [
          0.9999895691871643,
          -0.0009440334979444742,
          0.004458562936633825,
          0.0002494158106856048
        ],
        [
          0.0009709225269034505,
          0.9999813437461853,
          -0.006032559089362621,
          0.0050153713673353195
        ],
        [
          -0.0044527845457196236,
          0.00603682454675436,
          0.999971866607666,
          -0.0011160343419760466
        ],
        [
          0.0,
          0.0,
          0.0,
          1.0
        ]
      ],
      "camtoworld_optimized": [
        [
          0.9999976754188538,
          -0.0013959474163129926,
          0.004892838187515736,
          0.00028075501904822886
        ],
        [
          0.0014264469500631094,
          0.9999979734420776,
          -0.006296214181929827,
          0.004680299665778875
        ],
        [
          -0.0048819840885698795,
          0.00630651880055666,
          0.9999964833259583,
          -0.0008206418133340776
        ],
        [
          0.0,
          0.0,
          0.0,
          1.0
        ]
      ]
    },
    {
      "split": "train",
      "local_index": 1,
      "source_index": 2,
      "image_name": "frame_03.jpg",
      "K": [
        [
          407.325439453125,
          0.0,
          224.0
        ],
        [
          0.0,
          465.11541748046875,
          224.0
        ],
        [
          0.0,
          0.0,
          1.0
        ]
      ],
      "camtoworld_initial": [
        [
          0.9999880194664001,
          -0.0013183689443394542,
          0.004721092060208321,
          0.0004759894800372422
        ],
        [
          0.001345692086033523,
          0.9999822974205017,
          -0.005788964219391346,
          0.018984122201800346
        ],
        [
          -0.004713376518338919,
          0.005795247852802277,
          0.9999721050262451,
          0.0007316987030208111
        ],
        [
          0.0,
          0.0,
          0.0,
          1.0
        ]
      ],
      "camtoworld_optimized": [
        [
          0.9999977946281433,
          -0.001684859860688448,
          0.005087348632514477,
          0.0005289639811962843
        ],
        [
          0.001715386752039194,
          0.9999985694885254,
          -0.005950913764536381,
          0.01888551004230976
        ],
        [
          -0.005077377427369356,
          0.005957071669399738,
          0.9999973773956299,
          0.0011719968169927597
        ],
        [
          0.0,
          0.0,
          0.0,
          1.0
        ]
      ]
    },
    {
      "split": "train",
      "local_index": 2,
      "source_index": 3,
      "image_name": "frame_04.jpg",
      "K": [
        [
          407.62786865234375,
          0.0,
          224.0
        ],
        [
          0.0,
          465.8445129394531,
          224.0
        ],
        [
          0.0,
          0.0,
          1.0
        ]
      ],
      "camtoworld_initial": [
        [
          0.9999865889549255,
          -0.0015236269682645798,
          0.004939229693263769,
          0.0010523063829168677
        ],
        [
          0.0015577527228742838,
          0.9999749064445496,
          -0.0069126347079873085,
          0.03438790887594223
        ],
        [
          -0.004928573500365019,
          0.006920235697180033,
          0.9999639987945557,
          0.0015345693100243807
        ],
        [
          0.0,
          0.0,
          0.0,
          1.0
        ]
      ],
      "camtoworld_optimized": [
        [
          0.9999980926513672,
          -0.001970771700143814,
          0.005193287506699562,
          0.0009422361035831273
        ],
        [
          0.002006846945732832,
          0.9999979734420776,
          -0.007104002870619297,
          0.03432818129658699
        ],
        [
          -0.0051782140508294106,
          0.0071143521927297115,
          0.9999974370002747,
          0.0021444722078740597
        ],
        [
          0.0,
          0.0,
          0.0,
          1.0
        ]
      ]
    },
    {
      "split": "train",
      "local_index": 3,
      "source_index": 4,
      "image_name": "frame_05.jpg",
      "K": [
        [
          407.9965515136719,
          0.0,
          224.0
        ],
        [
          0.0,
          466.23602294921875,
          224.0
        ],
        [
          0.0,
          0.0,
          1.0
        ]
      ],
      "camtoworld_initial": [
        [
          0.9999845623970032,
          -0.0021467849146574736,
          0.00514435488730669,
          0.0012793990317732096
        ],
        [
          0.0021857942920178175,
          0.9999687671661377,
          -0.007589375134557486,
          0.049329884350299835
        ],
        [
          -0.005127902142703533,
          0.007600502111017704,
          0.9999579191207886,
          0.00429521081969142
        ],
        [
          0.0,
          0.0,
          0.0,
          1.0
        ]
      ],
      "camtoworld_optimized": [
        [
          1.0000004768371582,
          -0.0020889879669994116,
          0.0050649819895625114,
          0.0012732036411762238
        ],
        [
          0.0021274166647344828,
          0.9999988079071045,
          -0.007766305468976498,
          0.04934660717844963
        ],
        [
          -0.00504597183316946,
          0.007773460820317268,
          0.9999991059303284,
          0.004149210639297962
        ],
        [
          0.0,
          0.0,
          0.0,
          1.0
        ]
      ]
    },
    {
      "split": "train",
      "local_index": 4,
      "source_index": 5,
      "image_name": "frame_06.jpg",
      "K": [
        [
          407.95196533203125,
          0.0,
          224.0
        ],
        [
          0.0,
          466.0264892578125,
          224.0
        ],
        [
          0.0,
          0.0,
          1.0
        ]
      ],
      "camtoworld_initial": [
        [
          0.9999863505363464,
          -0.0014103191206231713,
          0.005032127257436514,
          0.0011947520542889833
        ],
        [
          0.0014548072358593345,
          0.9999598860740662,
          -0.008848123252391815,
          0.06433235853910446
        ],
        [
          -0.0050194463692605495,
          0.008855324238538742,
          0.9999481439590454,
          0.006091778632253408
        ],
        [
          0.0,
          0.0,
          0.0,
          1.0
        ]
      ],
      "camtoworld_optimized": [
        [
          0.9999992251396179,
          -0.0019489767728373408,
          0.005042349454015493,
          0.0014954641228541732
        ],
        [
          0.001991847762838006,
          1.000001072883606,
          -0.008632047101855278,
          0.06439799070358276
        ],
        [
          -0.005026564933359623,
          0.008642390370368958,
          1.0000017881393433,
          0.006462884601205587
        ],
        [
          0.0,
          0.0,
          0.0,
          1.0
        ]
      ]
    },
    {
      "split": "train",
      "local_index": 5,
      "source_index": 7,
      "image_name": "frame_08.jpg",
      "K": [
        [
          408.143798828125,
          0.0,
          224.0
        ],
        [
          0.0,
          466.54345703125,
          224.0
        ],
        [
          0.0,
          0.0,
          1.0
        ]
      ],